{
  "variants": {
    "facing=east,lit=false": {
      "model": "kubejs:block/campfire_off",
      "y": 270
    },
    "facing=east,lit=true": {
      "model": "kubejs:block/rainbow_campfire",
      "y": 270
    },
    "facing=north,lit=false": {
      "model": "kubejs:block/campfire_off",
      "y": 180
    },
    "facing=north,lit=true": {
      "model": "kubejs:block/rainbow_campfire",
      "y": 180
    },
    "facing=south,lit=false": {
      "model": "kubejs:block/campfire_off"
    },
    "facing=south,lit=true": {
      "model": "kubejs:block/rainbow_campfire"
    },
    "facing=west,lit=false": {
      "model": "kubejs:block/campfire_off",
      "y": 90
    },
    "facing=west,lit=true": {
      "model": "kubejs:block/rainbow_campfire",
      "y": 90
    }
  }
}