{
  "name": {
    "text": "machine.batch_inscriber",
    "color": "green"
  },
  "appearance": {
    "custommachinery:block": "kubejs:machine/batch_inscriber"
  },
  "components": [
    {
      "type": "custommachinery:item",
      "id": "input1",
      "mode": "input"
    },
    {
      "type": "custommachinery:item",
      "id": "input2",
      "mode": "input"
    },
    {
      "type": "custommachinery:item",
      "id": "input3",
      "mode": "input"
    },
    {
      "type": "custommachinery:item",
      "config": {
        "TOP": "INPUT",
        "BOTTOM": "INPUT",
        "FRONT": "INPUT",
        "RIGHT": "INPUT",
        "BACK": "INPUT",
        "LEFT": "INPUT"
      },
      "id": "output",
      "mode": "output"
    },
    {
      "type": "custommachinery:contraption",
      "config": {
        "TOP": "DISABLED",
        "BOTTOM": "DISABLED",
        "FRONT": "DISABLED",
        "RIGHT": "DISABLED",
        "BACK": "ENABLED",
        "LEFT": "DISABLED"
      }
    },
    {
      "type": "custommachinery:energy",
      "capacity": 10000,
      "max_input": 100000,
      "max_output": 100000
    },
    {
      "type": "custommachinery:item_upgrade",
      "id": "upgrade"
    }
  ],
  "gui": [
    {
      "type": "custommachinery:background",
      "width": 256,
      "height": 192
    },
    {
      "type": "custommachinery:player_inventory",
      "x": 49,
      "y": 110
    },
    {
      "type": "custommachinery:config",
      "x": 231,
      "y": 5
    },
    {
      "type": "custommachinery:energy",
      "x": 20,
      "y": 14,
      "height": 82
    },
    {
      "type": "custommachinery:slot",
      "id": "input1",
      "x": 51,
      "y": 45
    },
    {
      "type": "custommachinery:slot",
      "id": "input2",
      "x": 78,
      "y": 45
    },
    {
      "type": "custommachinery:slot",
      "id": "input3",
      "x": 105,
      "y": 45
    },
    {
      "type": "custommachinery:progress",
      "x": 142,
      "y": 46
    },
    {
      "type": "custommachinery:slot",
      "id": "output",
      "x": 185,
      "y": 45
    },
    {
      "type": "custommachinery:slot",
      "id": "upgrade",
      "x": 145,
      "y": 70,
      "ghost": {
        "items": {
          "item": "custommachinery:custom_upgrade"
        }
      }
    }
  ]
}