{
  "name": {
    "text": "machine.fire_generator",
    "color": "green"
  },
  "appearance": {
    "custommachinery:block": "kubejs:machine/fire_generator"
  },
  "components": [
    {
      "type": "custommachinery:item",
      "whitelist": [
        "kubejs:black_fire"
      ],
      "config": {
        "TOP": "INPUT",
        "BOTTOM": "INPUT",
        "FRONT": "INPUT",
        "RIGHT": "INPUT",
        "BACK": "INPUT",
        "LEFT": "INPUT"
      },
      "id": "input1",
      "mode": "input"
    },
    {
      "type": "custommachinery:item",
      "whitelist": [
        "kubejs:pink_fire"
      ],
      "config": {
        "TOP": "INPUT",
        "BOTTOM": "INPUT",
        "FRONT": "INPUT",
        "RIGHT": "INPUT",
        "BACK": "INPUT",
        "LEFT": "INPUT"
      },
      "id": "input2",
      "mode": "input"
    },
    {
      "type": "custommachinery:item",
      "whitelist": [
        "kubejs:light_gray_fire"
      ],
      "config": {
        "TOP": "INPUT",
        "BOTTOM": "INPUT",
        "FRONT": "INPUT",
        "RIGHT": "INPUT",
        "BACK": "INPUT",
        "LEFT": "INPUT"
      },
      "id": "input3",
      "mode": "input"
    },
    {
      "type": "custommachinery:item",
      "whitelist": [
        "kubejs:orange_fire"
      ],
      "config": {
        "TOP": "INPUT",
        "BOTTOM": "INPUT",
        "FRONT": "INPUT",
        "RIGHT": "INPUT",
        "BACK": "INPUT",
        "LEFT": "INPUT"
      },
      "id": "input4",
      "mode": "input"
    },
    {
      "type": "custommachinery:item",
      "whitelist": [
        "kubejs:brown_fire"
      ],
      "config": {
        "TOP": "INPUT",
        "BOTTOM": "INPUT",
        "FRONT": "INPUT",
        "RIGHT": "INPUT",
        "BACK": "INPUT",
        "LEFT": "INPUT"
      },
      "id": "input5",
      "mode": "input"
    },
    {
      "type": "custommachinery:item",
      "whitelist": [
        "kubejs:magenta_fire"
      ],
      "config": {
        "TOP": "INPUT",
        "BOTTOM": "INPUT",
        "FRONT": "INPUT",
        "RIGHT": "INPUT",
        "BACK": "INPUT",
        "LEFT": "INPUT"
      },
      "id": "input6",
      "mode": "input"
    },
    {
      "type": "custommachinery:item",
      "whitelist": [
        "kubejs:cyan_fire"
      ],
      "config": {
        "TOP": "INPUT",
        "BOTTOM": "INPUT",
        "FRONT": "INPUT",
        "RIGHT": "INPUT",
        "BACK": "INPUT",
        "LEFT": "INPUT"
      },
      "id": "input7",
      "mode": "input"
    },
    {
      "type": "custommachinery:item",
      "whitelist": [
        "kubejs:lime_fire"
      ],
      "config": {
        "TOP": "INPUT",
        "BOTTOM": "INPUT",
        "FRONT": "INPUT",
        "RIGHT": "INPUT",
        "BACK": "INPUT",
        "LEFT": "INPUT"
      },
      "id": "input8",
      "mode": "input"
    },
    {
      "type": "custommachinery:item",
      "whitelist": [
        "kubejs:yellow_fire"
      ],
      "config": {
        "TOP": "INPUT",
        "BOTTOM": "INPUT",
        "FRONT": "INPUT",
        "RIGHT": "INPUT",
        "BACK": "INPUT",
        "LEFT": "INPUT"
      },
      "id": "input9",
      "mode": "input"
    },
    {
      "type": "custommachinery:item",
      "whitelist": [
        "kubejs:light_blue_fire"
      ],
      "config": {
        "TOP": "INPUT",
        "BOTTOM": "INPUT",
        "FRONT": "INPUT",
        "RIGHT": "INPUT",
        "BACK": "INPUT",
        "LEFT": "INPUT"
      },
      "id": "input10",
      "mode": "input"
    },
    {
      "type": "custommachinery:item",
      "whitelist": [
        "kubejs:gray_fire"
      ],
      "config": {
        "TOP": "INPUT",
        "BOTTOM": "INPUT",
        "FRONT": "INPUT",
        "RIGHT": "INPUT",
        "BACK": "INPUT",
        "LEFT": "INPUT"
      },
      "id": "input11",
      "mode": "input"
    },
    {
      "type": "custommachinery:item",
      "whitelist": [
        "kubejs:white_fire"
      ],
      "config": {
        "TOP": "INPUT",
        "BOTTOM": "INPUT",
        "FRONT": "INPUT",
        "RIGHT": "INPUT",
        "BACK": "INPUT",
        "LEFT": "INPUT"
      },
      "id": "input12",
      "mode": "input"
    },
    {
      "type": "custommachinery:item",
      "whitelist": [
        "kubejs:blue_fire"
      ],
      "config": {
        "TOP": "INPUT",
        "BOTTOM": "INPUT",
        "FRONT": "INPUT",
        "RIGHT": "INPUT",
        "BACK": "INPUT",
        "LEFT": "INPUT"
      },
      "id": "input13",
      "mode": "input"
    },
    {
      "type": "custommachinery:item",
      "whitelist": [
        "kubejs:green_fire"
      ],
      "config": {
        "TOP": "INPUT",
        "BOTTOM": "INPUT",
        "FRONT": "INPUT",
        "RIGHT": "INPUT",
        "BACK": "INPUT",
        "LEFT": "INPUT"
      },
      "id": "input14",
      "mode": "input"
    },
    {
      "type": "custommachinery:item",
      "whitelist": [
        "kubejs:red_fire"
      ],
      "config": {
        "TOP": "INPUT",
        "BOTTOM": "INPUT",
        "FRONT": "INPUT",
        "RIGHT": "INPUT",
        "BACK": "INPUT",
        "LEFT": "INPUT"
      },
      "id": "input15",
      "mode": "input"
    },
    {
      "type": "custommachinery:item",
      "whitelist": [
        "kubejs:purple_fire"
      ],
      "config": {
        "TOP": "INPUT",
        "BOTTOM": "INPUT",
        "FRONT": "INPUT",
        "RIGHT": "INPUT",
        "BACK": "INPUT",
        "LEFT": "INPUT"
      },
      "id": "input16",
      "mode": "input"
    },
    {
      "type": "custommachinery:fluid",
      "config": {
        "TOP": "INPUT",
        "BOTTOM": "INPUT",
        "FRONT": "INPUT",
        "RIGHT": "INPUT",
        "BACK": "INPUT",
        "LEFT": "INPUT"
      },
      "id": "input17",
      "capacity": 10000
    },
    {
      "type": "custommachinery:source",
      "capacity": 10000,
      "max_input": 10000,
      "max_output": 10000
    },
    {
      "type": "custommachinery:item",
      "id": "input17",
      "mode": "input"
    },
    {
      "type": "custommachinery:item",
      "max_output": 1,
      "config": {
        "TOP": "OUTPUT",
        "BOTTOM": "OUTPUT",
        "FRONT": "OUTPUT",
        "RIGHT": "OUTPUT",
        "BACK": "OUTPUT",
        "LEFT": "OUTPUT"
      },
      "id": "output1",
      "mode": "output"
    },
    {
      "type": "custommachinery:item_upgrade",
      "id": "upgrade"
    }
  ],
  "gui": [
    {
      "type": "custommachinery:background",
      "width": 256,
      "height": 192
    },
    {
      "type": "custommachinery:player_inventory",
      "x": 46,
      "y": 112
    },
    {
      "type": "custommachinery:slot",
      "id": "input1",
      "x": 58,
      "y": 18,
      "ghost": {
        "items": {
          "item": "kubejs:black_fire"
        },
        "color": {
          "alpha": 0.49803922
        }
      }
    },
    {
      "type": "custommachinery:slot",
      "id": "input2",
      "x": 77,
      "y": 18,
      "ghost": {
        "items": {
          "item": "kubejs:pink_fire"
        },
        "color": {
          "alpha": 0.49803922
        }
      }
    },
    {
      "type": "custommachinery:slot",
      "id": "input3",
      "x": 96,
      "y": 18,
      "ghost": {
        "items": {
          "item": "kubejs:light_gray_fire"
        },
        "color": {
          "alpha": 0.49803922
        }
      }
    },
    {
      "type": "custommachinery:slot",
      "id": "input4",
      "x": 115,
      "y": 18,
      "ghost": {
        "items": {
          "item": "kubejs:orange_fire"
        },
        "color": {
          "alpha": 0.49803922
        }
      }
    },
    {
      "type": "custommachinery:slot",
      "id": "input5",
      "x": 58,
      "y": 42,
      "ghost": {
        "items": {
          "item": "kubejs:brown_fire"
        },
        "color": {
          "alpha": 0.49803922
        }
      }
    },
    {
      "type": "custommachinery:slot",
      "id": "input6",
      "x": 77,
      "y": 42,
      "ghost": {
        "items": {
          "item": "kubejs:magenta_fire"
        },
        "color": {
          "alpha": 0.49803922
        }
      }
    },
    {
      "type": "custommachinery:slot",
      "id": "input7",
      "x": 96,
      "y": 42,
      "ghost": {
        "items": {
          "item": "kubejs:cyan_fire"
        }
      }
    },
    {
      "type": "custommachinery:slot",
      "id": "input8",
      "x": 115,
      "y": 42,
      "ghost": {
        "items": {
          "item": "kubejs:lime_fire"
        }
      }
    },
    {
      "type": "custommachinery:slot",
      "id": "input14",
      "x": 115,
      "y": 66,
      "ghost": {
        "items": {
          "item": "kubejs:green_fire"
        }
      }
    },
    {
      "type": "custommachinery:slot",
      "id": "input11",
      "x": 96,
      "y": 66,
      "ghost": {
        "items": {
          "item": "kubejs:gray_fire"
        }
      }
    },
    {
      "type": "custommachinery:slot",
      "id": "input12",
      "x": 77,
      "y": 66,
      "ghost": {
        "items": {
          "item": "kubejs:white_fire"
        }
      }
    },
    {
      "type": "custommachinery:slot",
      "id": "input9",
      "x": 58,
      "y": 66,
      "ghost": {
        "items": {
          "item": "kubejs:yellow_fire"
        }
      }
    },
    {
      "type": "custommachinery:slot",
      "id": "input10",
      "x": 58,
      "y": 90,
      "ghost": {
        "items": {
          "item": "kubejs:light_blue_fire"
        }
      }
    },
    {
      "type": "custommachinery:slot",
      "id": "input16",
      "x": 77,
      "y": 90,
      "ghost": {
        "items": {
          "item": "kubejs:purple_fire"
        }
      }
    },
    {
      "type": "custommachinery:slot",
      "id": "input13",
      "x": 96,
      "y": 90,
      "ghost": {
        "items": {
          "item": "kubejs:blue_fire"
        }
      }
    },
    {
      "type": "custommachinery:slot",
      "id": "input15",
      "x": 115,
      "y": 90,
      "ghost": {
        "items": {
          "item": "kubejs:red_fire"
        }
      }
    },
    {
      "type": "custommachinery:config",
      "x": 231,
      "y": 5
    },
    {
      "type": "custommachinery:slot",
      "id": "input17",
      "x": 134,
      "y": 54,
      "ghost": {
        "items": {
          "item": "kubejs:rainbow_fire"
        }
      }
    },
    {
      "type": "custommachinery:progress",
      "x": 155,
      "y": 50,
      "width": 42,
      "height": 24
    },
    {
      "type": "custommachinery:slot",
      "id": "output1",
      "x": 200,
      "y": 53
    },
    {
      "type": "custommachinery:slot",
      "id": "upgrade",
      "x": 164,
      "y": 78,
      "ghost": {
        "items": {
          "item": "custommachinery:custom_upgrade"
        }
      }
    },
    {
      "type": "custommachinery:fluid",
      "id": "input17",
      "x": 34,
      "y": 18,
      "height": 90
    },
    {
      "type": "custommachinery:dump",
      "x": 35,
      "y": 9,
      "width": 16,
      "height": 7,
      "tanks": [
        "input17"
      ]
    },
    {
      "type": "custommachinery:source",
      "x": 22,
      "y": 18,
      "width": 9,
      "height": 24
    }
  ]
}