{
    "carvers": {
      "air": [
        "minecraft:cave",
        "minecraft:cave_extra_underground",
        "minecraft:canyon"
      ]
    },
    "downfall": 0.4,
    "effects": {
      "fog_color": 12638463,
      "sky_color": 7907327,
      "water_color": 4159204,
      "water_fog_color": 329011
    },
    "features": [],
    "has_precipitation": true,
    "spawn_costs": {},
    "spawners": {
      "ambient": [],
      "axolotls": [],
      "creature": [
        {
          "type": "minecraft:sheep",
          "maxCount": 4,
          "minCount": 4,
          "weight": 12
        },
        {
          "type": "minecraft:pig",
          "maxCount": 4,
          "minCount": 4,
          "weight": 10
        },
        {
          "type": "minecraft:chicken",
          "maxCount": 4,
          "minCount": 4,
          "weight": 10
        },
        {
          "type": "minecraft:cow",
          "maxCount": 4,
          "minCount": 4,
          "weight": 8
        },
        {
          "type": "minecraft:horse",
          "maxCount": 6,
          "minCount": 2,
          "weight": 5
        },
        {
          "type": "minecraft:donkey",
          "maxCount": 3,
          "minCount": 1,
          "weight": 1
        }
      ],
      "misc": [],
      "monster": [
        {
          "type": "minecraft:spider",
          "maxCount": 4,
          "minCount": 4,
          "weight": 100
        },
        {
          "type": "minecraft:zombie",
          "maxCount": 4,
          "minCount": 4,
          "weight": 95
        },
        {
          "type": "minecraft:zombie_villager",
          "maxCount": 1,
          "minCount": 1,
          "weight": 5
        },
        {
          "type": "minecraft:skeleton",
          "maxCount": 4,
          "minCount": 4,
          "weight": 100
        },
        {
          "type": "minecraft:creeper",
          "maxCount": 4,
          "minCount": 4,
          "weight": 100
        },
        {
          "type": "minecraft:slime",
          "maxCount": 4,
          "minCount": 4,
          "weight": 100
        },
        {
          "type": "minecraft:enderman",
          "maxCount": 4,
          "minCount": 1,
          "weight": 10
        },
        {
          "type": "minecraft:witch",
          "maxCount": 1,
          "minCount": 1,
          "weight": 5
        }
      ],
      "underground_water_creature": [
        {
          "type": "minecraft:glow_squid",
          "maxCount": 6,
          "minCount": 4,
          "weight": 10
        }
      ],
      "water_ambient": [],
      "water_creature": []
    },
    "temperature": -2
  }