{
    "parent": "kubejs:block/frosting_ore",
    "display": {
      "thirdperson_righthand": {
        "scale": [0.5, 0.5, 0.5],
        "translation": [0, 1.5, 0],
        "rotation":[30, 45, 0]
      },
      "thirdperson_lefthand": {
        "scale": [0.5, 0.5, 0.5],
        "translation": [0, 1.5, 0],
        "rotation":[30, 45, 0]
      },
      "firstperson_righthand": {
        "scale": [0.4, 0.4, 0.4],
        "translation": [0, 1, 0],
        "rotation":[30, 45, 0]
      },
      "firstperson_lefthand": {
        "scale": [0.4, 0.4, 0.4],
        "translation": [0, 1, 0],
        "rotation":[30, 45, 0]
      },
      "gui": {
        "scale": [0.625, 0.625, 0.625],
        "translation": [0, 1, 0],
        "rotation":[30, 45, 0]
      },
      "ground": {
        "scale": [0.25, 0.25, 0.25],
        "translation": [0, 1, 0],
        "rotation":[30, 45, 0]
      },
      "fixed": {
        "scale": [0.5, 0.5, 0.5]
      }
    }
  }
  