{
	"parent": "minecraft:block/block",
	"textures": {
		"0": "kubejs:block/custom_machinery/stress_generator_side",
		"1": "kubejs:block/custom_machinery/stress_generator_side",
		"2": "kubejs:block/custom_machinery/stress_generator_back",
		"3": "kubejs:block/custom_machinery/stress_generator_main",
		"particle": "kubejs:block/custom_machinery/stress_generator_main"
	},
	"elements": [
		{
			"from": [0, 0, 0],
			"to": [16, 16, 16],
			"shade":false,
			"faces": {
				"north": {"uv": [0, 0, 16, 16], "texture": "#3"},
				"east": {"uv": [0, 0, 16, 16], "texture": "#1"},
				"south": {"uv": [0, 0, 16, 16], "texture": "#2"},
				"west": {"uv": [0, 0, 16, 16], "texture": "#1"},
				"up": {"uv": [0, 0, 16, 16], "texture": "#0"},
				"down": {"uv": [0, 0, 16, 16], "texture": "#0"}
			}
		}
	]
}