{
	"credit": "Made with Blockbench",
	"texture_size": [32, 32],
	"textures": {
		"1": "kubejs:block/frozen_iron_ore",
		"2": "kubejs:block/frosting_ore",
		"particle": "kubejs:block/frosting_ore"
	},
	"display":{
		"thirdperson_righthand": {
		  "rotation": [ -90, 0, 0 ],
		  "translation": [ 0, 1, -3 ],
		  "scale": [ 0.55, 0.55, 0.55 ]
		}
	},
	"elements": [
		{
			"from": [0, 0, 0],
			"to": [16, 16, 16],
			"shade":false,
			"faces": {
				"north": {"uv": [0, 0, 16, 16], "texture": "#2"},
				"east": {"uv": [0, 0, 16, 16], "texture": "#2"},
				"south": {"uv": [0, 0, 16, 16], "texture": "#2"},
				"west": {"uv": [0, 0, 16, 16], "texture": "#2"},
				"up": {"uv": [0, 0, 16, 16], "texture": "#1"},
				"down": {"uv": [0, 0, 16, 16], "texture": "#1"}
			}
		}
	]
}